Employee ID ,First_Name,LASTNAME,A#ge,Dept-Region,Status,Join Date,Salary($),Email Address,^,Perf_Score,Remote?,First_Name,FIRST_NAME,First_Name
EMP1000,,Davis,25,DevOps-California,Active,4/2/2021,59767.65,bob.davis@example.com,-1651623197,Average,TRUE,,,
EMP1001,Bob,Brown,,Finance-Texas,Active,7/10/2020,65304.66,bob.brown@example.com,-1898471390,Excellent,TRUE,,,
EMP1002,Alice,Jones,,Admin-Nevada,Pending,12/7/2023,88145.90,alice.jones@example.com,-5596363211,Good,TRUE,,,
EMP1003,Eva,Davis,25,Admin-Nevada,Inactive,11/27/2021,69450.99,eva.davis@example.com,-3476490784,Good,TRUE,,,
EMP1004,Frank,Williams,25,Cloud Tech-Florida,Active,1/5/2022,109324.61,frank.williams@example.com,-1586734256,Poor,FALSE,,,
EMP1005,Alice,Garcia,40,Sales-Texas,Inactive,6/10/2020,88642.84,alice.garcia@example.com,-5409003485,Good,FALSE,,,
EMP1006,Frank,Jones,,Admin-Nevada,Active,4/3/2020,96288.43,frank.jones@example.com,-4518376063,Good,FALSE,,,
EMP1007,Bob,Jones,30,Cloud Tech-Florida,Inactive,7/17/2022,94497.91,bob.jones@example.com,-4134327559,Average,TRUE,,,
EMP1008,Frank,Davis,35,Admin-Nevada,Inactive,12/8/2023,115565.82,frank.davis@example.com,-4177656123,Excellent,TRUE,,,
EMP1009,Charlie,Johnson,,DevOps-New York,Active,8/4/2022,76561.88,charlie.johnson@example.com,-8156985699,Excellent,TRUE,,,
EMP1010,David,Williams,35,Cloud Tech-New York,Active,7/6/2024,72081.71,david.williams@example.com,-2720634590,Average,FALSE,,,
EMP1011,David,Davis,,DevOps-California,Active,9/4/2023,84946.19,david.davis@example.com,-1238296576,Poor,TRUE,,,
EMP1012,Heidi,Williams,30,HR-New York,Active,3/5/2024,89295.77,heidi.williams@example.com,-2429543164,Excellent,FALSE,,,
EMP1013,Grace,Williams,,Finance-California,Active,10/10/2020,85666.84,grace.williams@example.com,-2669300892,Good,FALSE,,,
EMP1014,Alice,Garcia,25,Admin-Nevada,Active,6/10/2024,97633.68,alice.garcia@example.com,-1734206968,Excellent,TRUE,,,
EMP1015,Grace,Jones,40,Sales-Florida,Pending,5/29/2021,117975.49,grace.jones@example.com,-4215291085,Good,TRUE,,,
EMP1016,Alice,Brown,25,DevOps-Illinois,Inactive,4/23/2024,94867.33,alice.brown@example.com,-7713334475,Poor,FALSE,,,
EMP1017,Grace,Garcia,30,Finance-Texas,Pending,11/28/2024,100377.65,grace.garcia@example.com,-2639343625,Average,TRUE,,,
EMP1018,Henry,Martinez,45,HR-Texas,Active,2/15/2021,N/A,henry.martinez@example.com,-9988776655,Good,yes,,,
EMP1019,Ivy,Anderson,,Sales-New York,Active,8/8/2023,78654.32,ivy.anderson@example.com,-1122334455,Average,no,,,
EMP1020,Jack,Thomas,28,DevOps-Texas,Pending,1/19/2022,81234.56,jack.thomas@example.com,-6677889900,Excellent,TRUE,,,
EMP1021,Karen,White,,Finance-Florida,Inactive,3/22/2020,95432.10,karen.white@example.com,-4455667788,Poor,FALSE,,,
EMP1022,Leo,Harris,33,Cloud Tech-Illinois,Active,6/30/2023,-,leo.harris@example.com,-3322114455,Good,TRUE,,,
EMP1023,Mia,Clark,29,HR-California,Active,9/12/2024,89012.34,mia.clark@example.com,-8899001122,Excellent,TRUE,,,
EMP1024,Noah,Lewis,,Admin-Texas,Pending,4/18/2022,76543.21,noah.lewis@example.com,-2233445566,Average,no,,,
EMP1025,Olivia,Walker,999,DevOps-Florida,Active,7/25/2023,75678.90,olivia.walker@example.com,-1133557799,Good,TRUE,,,
EMP1026,Paul,Young,31,Sales-California,Inactive,5/5/2021,82345.67,paul.young@example.com,-4466778899,Excellent,yes,,,
EMP1027,Quinn,King,,Finance-Illinois,Active,10/8/2023,99999999.99,quinn.king@example.com,-9911223344,Poor,TRUE,,,
EMP1000,,Davis,25,DevOps-California,Active,4/2/2021,59767.65,bob.davis@example.com,-1651623197,Average,TRUE,,,
EMP1001,Bob,Brown,,Finance-Texas,Active,7/10/2020,65304.66,bob.brown@example.com,-1898471390,Excellent,TRUE,,,
EMP1028,Rachel,Green,27,HR-Texas,Active,12/1/2022,85678.90,rachel.green@example.com,-5566778899,Average,FALSE,,,
EMP1029,Sam,Adams,,DevOps-Texas,Active,2/20/2021,78234.56,sam.adams@example.com,-6677889900,Good,TRUE,,,